{"camera_matrix": [[2959.107184428801, 0.0, 1884.1584505386345], [0.0, 2921.553105946363, 1017.4227938214937], [0.0, 0.0, 1.0]], "dist_coeff": [[-0.16051662187343685, 4.058037276300719, 0.007834243984209694, -0.0034089496782774096, 0.0]], "height": 2196, "width": 3904}