{"composedRvec [degree]": [[-89.10831456797563], [3.995115020458175], [2.144055601871133]], "composedTvec [cm]": [[-40.777588340507585], [-36.533925804121374], [37.83567768071839]]}