{"composedRvec [degree]": [[87.2466290686816], [3.6511803366131454], [2.0137975698317874]], "composedTvec [m]": [[-0.3321521571588625], [0.3153716866932265], [0.7196162208545402]]}