{"composedRvec": [[-0.13799523929452187], [-0.6316326224956317], [-0.15326261293820234]], "composedTvec": [[14.69509412020287], [-3.22877361076468], [8.222293849437055]]}