{"composedRvec": [[1.189243054777627], [-0.10369310199472109], [-0.1058090264759549]], "composedTvec": [[61.39676334398315], [87.80956032624701], [54.21204302018719]]}