{"composedRvec [degree]": [[89.10831456797563], [-3.995115020458174], [-2.1440556018711323]], "composedTvec [m]": [[0.4252964864250091], [0.3553186282098963], [0.36848251816116767]]}