{"composedRvec [degree]": [[89.10831456797563], [-3.995115020458174], [-2.1440556018711323]], "composedTvec [cm]": [[42.52964864250091], [35.53186282098963], [36.848251816116765]]}