{
	"class_name" : "PinholeCameraParameters",
	"extrinsic" : 
	[
		0.71213933161775766,
		-0.64207433221007204,
		0.28389808784140047,
		0.0,
		0.66773019045820292,
		0.74435480774467222,
		0.0085037014319835329,
		0.0,
		-0.21678091501252034,
		0.18351150401100821,
		0.95881675140871025,
		0.0,
		-0.30276620906917628,
		0.026100016922513236,
		2.3777406497520843,
		1.0
	],
	"intrinsic" : 
	{
		"height" : 1055,
		"intrinsic_matrix" : 
		[
			913.65680099258282,
			0.0,
			0.0,
			0.0,
			913.65680099258282,
			0.0,
			959.5,
			527.0,
			1.0
		],
		"width" : 1920
	},
	"version_major" : 1,
	"version_minor" : 0
}