{"translation vector": [422.5, 169.5, 1.3633163], "rotation matrix": [[-0.07669649564378646, 0.9970544433692239, 0.0002907123145005982], [-0.9969383753093343, -0.07819124512230073, -7.086472545434322e-05], [-4.79248315492054e-05, -0.0002952573386077497, 0.9999988313583714]]}