{"translation vector": [0.63806653, -0.1445787775, 1.3633163], "rotation matrix": [[-0.04417755437750738, 0.9959615471948761, 0.07815970955940812], [-0.9975947812856987, -0.06676381233362468, -0.018634530158277235], [-0.013341035306612438, -0.07879494633263807, 0.9965155037926569]], "euler angles deg": [-4.553188937522448, 0.783449163048631, -93.21296659460147]}