{"translation vector [cm]": [0.14457877750000003, 0.63806653, 1.3633163], "rotation matrix ": [[0.9959615471948761, 0.04417755437750744, 0.07815970955940812], [-0.06676381233362473, 0.9975947812856987, -0.018634530158277235], [-0.07879494633263807, 0.013341035306612433, 0.9965155037926569]], "euler angles deg [degree]": [0.7935953499359766, 4.527065476994728, -3.1539548387932643]}