{"camera_matrix": [[2959.147318815551, 0.0, 1884.151997655003], [0.0, 2921.5714556958746, 1017.3663261130326], [0.0, 0.0, 1.0]], "dist_coeff": [[-0.16056436766441318, 4.059710798293912, 0.007835496771413517, -0.0034094536832855074, 0.0]], "height": 2196, "width": 3904}